Player,Nation,Pos,Age,90s,PerformanceCrdY,PerformanceCrdR,Performance2CrdY,PerformanceFls,PerformanceFld,PerformanceOff,PerformanceCrs,PerformanceInt,PerformanceTklW,PerformancePKwon,PerformancePKcon,PerformanceOG,PerformanceRecov,Aerial DuelsWon,Aerial DuelsLost,Aerial DuelsWon%,Playing TimeMP,Playing TimeStarts,Playing TimeMin,Playing Time90s,PerformanceGls,PerformanceAst,PerformanceG+A,PerformanceG-PK,PerformancePK,PerformancePKatt,ExpectedxG,ExpectednpxG,ExpectedxAG,ExpectednpxG+xAG,ProgressionPrgC,ProgressionPrgP,ProgressionPrgR,Per 90 MinutesGls,Per 90 MinutesAst,Per 90 MinutesG+A,Per 90 MinutesG-PK,Per 90 MinutesG+A-PK,Per 90 MinutesxG,Per 90 MinutesxAG,Per 90 MinutesxG+xAG,Per 90 MinutesnpxG,Per 90 MinutesnpxG+xAG,StandardGls,StandardSh,StandardSoT,StandardSoT%,StandardSh/90,StandardSoT/90,StandardG/Sh,StandardG/SoT,StandardDist,StandardFK,StandardPK,StandardPKatt,ExpectednpxG/Sh,ExpectedG-xG,Expectednp:G-xG,TotalCmp,TotalAtt,TotalCmp%,TotalTotDist,TotalPrgDist,ShortCmp,ShortAtt,ShortCmp%,MediumCmp,MediumAtt,MediumCmp%,LongCmp,LongAtt,LongCmp%,Ast,xAG,ExpectedxA,ExpectedA-xAG,KP,1/3,PPA,CrsPA,PrgP,Att,Pass TypesLive,Pass TypesDead,Pass TypesFK,Pass TypesTB,Pass TypesSw,Pass TypesCrs,Pass TypesTI,Pass TypesCK,Corner KicksIn,Corner KicksOut,Corner KicksStr,OutcomesCmp,OutcomesOff,OutcomesBlocks,SCASCA,SCASCA90,SCA TypesPassLive,SCA TypesPassDead,SCA TypesTO,SCA TypesSh,SCA TypesFld,SCA TypesDef,GCAGCA,GCAGCA90,GCA TypesPassLive,GCA TypesPassDead,GCA TypesTO,GCA TypesSh,GCA TypesFld,GCA TypesDef,TacklesTkl,TacklesTklW,TacklesDef 3rd,TacklesMid 3rd,TacklesAtt 3rd,ChallengesTkl,ChallengesAtt,ChallengesTkl%,ChallengesLost,BlocksBlocks,BlocksSh,BlocksPass,Int,Tkl+Int,Clr,Err,TouchesTouches,TouchesDef Pen,TouchesDef 3rd,TouchesMid 3rd,TouchesAtt 3rd,TouchesAtt Pen,TouchesLive,Take-OnsAtt,Take-OnsSucc,Take-OnsSucc%,Take-OnsTkld,Take-OnsTkld%,CarriesCarries,CarriesTotDist,CarriesPrgDist,CarriesPrgC,Carries1/3,CarriesCPA,CarriesMis,CarriesDis,ReceivingRec,ReceivingPrgR,Playing TimeMn/MP,Playing TimeMin%,StartsStarts,StartsMn/Start,StartsCompl,SubsSubs,SubsMn/Sub,SubsunSub,Team SuccessPPM,Team SuccessonG,Team SuccessonGA,Team Success+/-,Team Success+/-90,Team SuccessOn-Off,Team Success (xG)onxG,Team Success (xG)onxGA,Team Success (xG)xG+/-,Team Success (xG)xG+/-90,Team Success (xG)On-Off,PerformanceGA,PerformanceGA90,PerformanceSoTA,PerformanceSaves,PerformanceSave%,PerformanceW,PerformanceD,PerformanceL,PerformanceCS,PerformanceCS%,Penalty KicksPKatt,Penalty KicksPKA,Penalty KicksPKsv,Penalty KicksPKm,Penalty KicksSave%,GoalsGA,GoalsPKA,GoalsFK,GoalsCK,GoalsOG,ExpectedPSxG,ExpectedPSxG/SoT,ExpectedPSxG+/-,Expected/90,LaunchedCmp,LaunchedAtt,LaunchedCmp%,PassesAtt (GK),PassesThr,PassesLaunch%,PassesAvgLen,Goal KicksAtt,Goal KicksLaunch%,Goal KicksAvgLen,CrossesOpp,CrossesStp,CrossesStp%,Sweeper#OPA,Sweeper#OPA/90,SweeperAvgDist
Alfie Devine,eng ENG,MF,20-159,,,,,,,,,,,,,,,,,,0,0,,,,,,,,,,,,,,,,,,,,,,,,,,,,,,,,,,,,,,,,,,,,,,,,,,,,,,,,,,,,,,,,,,,,,,,,,,,,,,,,,,,,,,,,,,,,,,,,,,,,,,,,,,,,,,,,,,,,,,,,,,,,,,,,,,,,,,,0,,0,0,,1,,,,,,,,,,,,,,,,,,,,,,,,,,,,,,,,,,,,,,,,,,,,,,,,,,,
Alfie Dorrington,eng ENG,DF,19-262,0.2,0.0,0.0,0.0,0.0,0.0,0.0,0.0,0.0,0.0,0.0,0.0,0.0,3.0,0.0,0.0,,1,0,14.0,0.2,0.0,0.0,0.0,0.0,0.0,0.0,0.0,0.0,0.0,0.0,0.0,0.0,0.0,0.0,0.0,0.0,0.0,0.0,0.0,0.0,0.0,0.0,0.0,0.0,0.0,0.0,,0.0,0.0,,,,0.0,0.0,0.0,,0.0,0.0,15.0,16.0,93.8,304.0,39.0,6.0,7.0,85.7,7.0,7.0,100.0,2.0,2.0,100.0,0.0,0.0,0.0,0.0,0.0,0.0,0.0,0.0,0.0,16.0,16.0,0.0,0.0,0.0,0.0,0.0,0.0,0.0,0.0,0.0,0.0,15.0,0.0,0.0,0.0,0.0,0.0,0.0,0.0,0.0,0.0,0.0,0.0,0.0,0.0,0.0,0.0,0.0,0.0,0.0,0.0,0.0,0.0,0.0,0.0,0.0,0.0,,0.0,0.0,0.0,0.0,0.0,0.0,0.0,0.0,16.0,0.0,11.0,5.0,0.0,0.0,16.0,0.0,0.0,,0.0,,12.0,61.0,26.0,0.0,0.0,0.0,0.0,0.0,13.0,0.0,14.0,0.8,0,,0,1,14.0,3,3.0,0.0,0.0,0.0,0.0,-0.6,0.4,0.0,0.4,2.56,2.47,,,,,,,,,,,,,,,,,,,,,,,,,,,,,,,,,,,,,,,,
Alfie Whiteman,eng ENG,GK,26-097,,,,,,,,,,,,,,,,,,0,0,,,,,,,,,,,,,,,,,,,,,,,,,,,,,,,,,,,,,,,,,,,,,,,,,,,,,,,,,,,,,,,,,,,,,,,,,,,,,,,,,,,,,,,,,,,,,,,,,,,,,,,,,,,,,,,,,,,,,,,,,,,,,,,,,,,,,,,0,,0,0,,1,,,,,,,,,,,,,,,,,,,,,,,,,,,,,,,,,,,,,,,,,,,,,,,,,,,
Archie Gray,eng ENG,DF,18-301,6.7,0.0,0.0,0.0,2.0,3.0,0.0,2.0,5.0,3.0,0.0,0.0,0.0,29.0,7.0,3.0,70.0,13,6,603.0,6.7,0.0,0.0,0.0,0.0,0.0,0.0,0.0,0.0,0.0,0.0,1.0,14.0,3.0,0.0,0.0,0.0,0.0,0.0,0.0,0.0,0.0,0.0,0.0,0.0,1.0,1.0,100.0,0.15,0.15,0.0,0.0,24.6,0.0,0.0,0.0,0.02,0.0,0.0,452.0,501.0,90.2,7585.0,2505.0,184.0,196.0,93.9,243.0,262.0,92.7,19.0,31.0,61.3,0.0,0.0,0.1,0.0,0.0,15.0,0.0,0.0,14.0,501.0,467.0,33.0,12.0,0.0,0.0,2.0,16.0,0.0,0.0,0.0,0.0,452.0,1.0,6.0,1.0,0.15,1.0,0.0,0.0,0.0,0.0,0.0,0.0,0.0,0.0,0.0,0.0,0.0,0.0,0.0,8.0,3.0,1.0,4.0,3.0,3.0,7.0,42.9,4.0,9.0,5.0,4.0,5.0,13.0,16.0,2.0,554.0,70.0,268.0,262.0,30.0,0.0,554.0,6.0,3.0,50.0,2.0,33.3,404.0,1821.0,744.0,1.0,3.0,0.0,2.0,3.0,420.0,3.0,46.0,33.5,6,90.0,6,7,9.0,7,1.38,14.0,13.0,1.0,0.15,-0.68,10.1,15.2,-5.1,-0.77,-1.32,,,,,,,,,,,,,,,,,,,,,,,,,,,,,,,,,,,,,,,,
Ben Davies,wls WAL,DF,31-258,3.0,1.0,0.0,0.0,2.0,1.0,0.0,0.0,5.0,0.0,0.0,0.0,0.0,11.0,8.0,10.0,44.4,4,3,271.0,3.0,0.0,0.0,0.0,0.0,0.0,0.0,0.0,0.0,0.0,0.0,3.0,11.0,0.0,0.0,0.0,0.0,0.0,0.0,0.0,0.0,0.0,0.0,0.0,0.0,0.0,0.0,,0.0,0.0,,,,0.0,0.0,0.0,,0.0,0.0,160.0,177.0,90.4,3057.0,1400.0,54.0,58.0,93.1,92.0,95.0,96.8,13.0,20.0,65.0,0.0,0.0,0.0,0.0,0.0,11.0,0.0,0.0,11.0,177.0,164.0,12.0,3.0,0.0,4.0,0.0,0.0,0.0,0.0,0.0,0.0,160.0,1.0,2.0,0.0,0.0,0.0,0.0,0.0,0.0,0.0,0.0,0.0,0.0,0.0,0.0,0.0,0.0,0.0,0.0,1.0,0.0,0.0,1.0,0.0,1.0,4.0,25.0,3.0,6.0,5.0,1.0,5.0,6.0,18.0,0.0,211.0,38.0,121.0,86.0,4.0,1.0,211.0,0.0,0.0,,0.0,,130.0,732.0,416.0,3.0,2.0,0.0,1.0,0.0,142.0,0.0,68.0,15.1,3,80.0,2,1,30.0,6,1.75,8.0,2.0,6.0,1.99,1.64,5.5,5.2,0.4,0.13,0.02,,,,,,,,,,,,,,,,,,,,,,,,,,,,,,,,,,,,,,,,
Brandon Austin,eng ENG,GK,25-365,1.0,0.0,0.0,0.0,0.0,2.0,0.0,0.0,0.0,0.0,0.0,0.0,0.0,1.0,2.0,0.0,100.0,1,1,90.0,1.0,0.0,0.0,0.0,0.0,0.0,0.0,0.0,0.0,0.0,0.0,0.0,0.0,0.0,0.0,0.0,0.0,0.0,0.0,0.0,0.0,0.0,0.0,0.0,0.0,0.0,0.0,,0.0,0.0,,,,0.0,0.0,0.0,,0.0,0.0,22.0,32.0,68.8,526.0,386.0,7.0,7.0,100.0,9.0,9.0,100.0,6.0,16.0,37.5,0.0,0.0,0.0,0.0,0.0,0.0,0.0,0.0,0.0,32.0,24.0,8.0,2.0,0.0,0.0,0.0,0.0,0.0,0.0,0.0,0.0,22.0,0.0,0.0,0.0,0.0,0.0,0.0,0.0,0.0,0.0,0.0,0.0,0.0,0.0,0.0,0.0,0.0,0.0,0.0,0.0,0.0,0.0,0.0,0.0,0.0,0.0,,0.0,0.0,0.0,0.0,0.0,0.0,1.0,0.0,36.0,30.0,36.0,0.0,0.0,0.0,36.0,0.0,0.0,,0.0,,22.0,104.0,46.0,0.0,0.0,0.0,0.0,0.0,16.0,0.0,90.0,5.0,1,90.0,1,0,,8,0.0,1.0,2.0,-1.0,-1.0,-1.68,0.9,2.5,-1.6,-1.57,-1.77,2.0,2.0,4.0,2.0,50.0,0.0,0.0,1.0,0.0,0.0,0.0,0.0,0.0,0.0,,2.0,0.0,0.0,0.0,0.0,2.2,0.55,0.2,0.2,3.0,11.0,27.3,26.0,5.0,38.5,32.3,6.0,16.7,29.0,15.0,5.0,33.3,2.0,2.0,12.4
Brennan Johnson,wls WAL,FW,23-229,16.1,3.0,0.0,0.0,19.0,14.0,5.0,37.0,4.0,20.0,1.0,0.0,0.0,41.0,7.0,13.0,35.0,20,16,1447.0,16.1,7.0,2.0,9.0,7.0,0.0,0.0,7.9,7.9,1.3,9.3,46.0,49.0,150.0,0.44,0.12,0.56,0.44,0.56,0.49,0.08,0.58,0.49,0.58,7.0,44.0,16.0,36.4,2.74,1.0,0.16,0.44,11.6,0.0,0.0,0.0,0.18,-0.9,-0.9,308.0,436.0,70.6,3986.0,1131.0,189.0,234.0,80.8,96.0,130.0,73.8,7.0,17.0,41.2,2.0,1.3,1.2,0.7,14.0,21.0,22.0,4.0,49.0,436.0,427.0,7.0,0.0,0.0,0.0,37.0,7.0,0.0,0.0,0.0,0.0,308.0,2.0,31.0,35.0,2.18,24.0,0.0,5.0,4.0,1.0,1.0,6.0,0.37,5.0,0.0,1.0,0.0,0.0,0.0,31.0,20.0,5.0,18.0,8.0,12.0,25.0,48.0,13.0,15.0,2.0,13.0,4.0,35.0,9.0,0.0,588.0,10.0,54.0,178.0,363.0,99.0,588.0,28.0,14.0,50.0,11.0,39.3,361.0,2035.0,1038.0,46.0,14.0,27.0,16.0,9.0,422.0,150.0,72.0,80.4,16,81.0,9,4,38.0,0,1.2,30.0,21.0,9.0,0.56,-0.21,27.5,24.4,3.1,0.19,0.39,,,,,,,,,,,,,,,,,,,,,,,,,,,,,,,,,,,,,,,,
Callum Olusesi,eng ENG,MF,17-356,,,,,,,,,,,,,,,,,,0,0,,,,,,,,,,,,,,,,,,,,,,,,,,,,,,,,,,,,,,,,,,,,,,,,,,,,,,,,,,,,,,,,,,,,,,,,,,,,,,,,,,,,,,,,,,,,,,,,,,,,,,,,,,,,,,,,,,,,,,,,,,,,,,,,,,,,,,,0,,0,0,,8,,,,,,,,,,,,,,,,,,,,,,,,,,,,,,,,,,,,,,,,,,,,,,,,,,,
Cristian Romero,ar ARG,DF,26-255,10.8,1.0,0.0,0.0,7.0,9.0,1.0,3.0,13.0,23.0,0.0,0.0,0.0,63.0,27.0,23.0,54.0,12,12,974.0,10.8,1.0,0.0,1.0,1.0,0.0,0.0,1.1,1.1,0.5,1.6,10.0,48.0,2.0,0.09,0.0,0.09,0.09,0.09,0.1,0.05,0.15,0.1,0.15,1.0,11.0,4.0,36.4,1.02,0.37,0.09,0.25,9.4,0.0,0.0,0.0,0.1,-0.1,-0.1,793.0,880.0,90.1,14806.0,5799.0,275.0,298.0,92.3,451.0,477.0,94.5,57.0,85.0,67.1,0.0,0.5,0.7,-0.5,6.0,85.0,7.0,1.0,48.0,880.0,806.0,72.0,56.0,4.0,1.0,3.0,2.0,0.0,0.0,0.0,0.0,793.0,2.0,5.0,16.0,1.48,13.0,0.0,0.0,3.0,0.0,0.0,2.0,0.18,2.0,0.0,0.0,0.0,0.0,0.0,27.0,23.0,22.0,5.0,0.0,15.0,22.0,68.2,7.0,13.0,3.0,10.0,13.0,40.0,32.0,0.0,981.0,112.0,402.0,531.0,54.0,16.0,981.0,3.0,1.0,33.3,1.0,33.3,656.0,3423.0,2136.0,10.0,16.0,0.0,4.0,3.0,672.0,2.0,81.0,54.1,12,81.0,10,0,,0,1.33,22.0,13.0,9.0,0.83,0.5,20.0,12.7,7.2,0.67,1.21,,,,,,,,,,,,,,,,,,,,,,,,,,,,,,,,,,,,,,,,
Dejan Kulusevski,se SWE,"MF,FW",24-257,17.7,3.0,0.0,0.0,30.0,27.0,5.0,76.0,10.0,15.0,0.0,0.0,0.0,83.0,7.0,7.0,50.0,20,18,1590.0,17.7,5.0,4.0,9.0,5.0,0.0,0.0,3.0,3.0,4.9,7.9,93.0,89.0,156.0,0.28,0.23,0.51,0.28,0.51,0.17,0.28,0.45,0.17,0.45,5.0,31.0,11.0,35.5,1.75,0.62,0.16,0.45,15.3,0.0,0.0,0.0,0.1,2.0,2.0,442.0,619.0,71.4,6076.0,1990.0,273.0,323.0,84.5,127.0,172.0,73.8,20.0,54.0,37.0,4.0,4.9,3.3,-0.9,47.0,45.0,42.0,4.0,89.0,619.0,547.0,70.0,2.0,7.0,0.0,76.0,5.0,58.0,25.0,0.0,0.0,442.0,2.0,31.0,98.0,5.55,73.0,11.0,10.0,1.0,3.0,0.0,7.0,0.4,6.0,0.0,1.0,0.0,0.0,0.0,26.0,15.0,8.0,8.0,10.0,10.0,30.0,33.3,20.0,20.0,3.0,17.0,10.0,36.0,8.0,0.0,877.0,15.0,87.0,283.0,527.0,119.0,877.0,82.0,29.0,35.4,46.0,56.1,564.0,4453.0,2458.0,93.0,52.0,29.0,50.0,50.0,609.0,156.0,80.0,88.3,18,86.0,15,2,18.0,0,1.2,37.0,27.0,10.0,0.57,-0.29,32.8,30.3,2.5,0.14,0.24,,,,,,,,,,,,,,,,,,,,,,,,,,,,,,,,,,,,,,,,
Destiny Udogie,it ITA,DF,22-040,15.9,2.0,0.0,0.0,22.0,30.0,1.0,17.0,17.0,31.0,0.0,0.0,0.0,83.0,11.0,13.0,45.8,18,18,1430.0,15.9,0.0,1.0,1.0,0.0,0.0,0.0,0.3,0.3,1.3,1.6,39.0,97.0,79.0,0.0,0.06,0.06,0.0,0.06,0.02,0.08,0.1,0.02,0.1,0.0,5.0,1.0,20.0,0.31,0.06,0.0,0.0,15.1,0.0,0.0,0.0,0.06,-0.3,-0.3,762.0,868.0,87.8,10869.0,3547.0,435.0,472.0,92.2,285.0,315.0,90.5,16.0,21.0,76.2,1.0,1.3,1.1,-0.3,13.0,70.0,5.0,1.0,97.0,868.0,736.0,131.0,23.0,0.0,0.0,17.0,108.0,0.0,0.0,0.0,0.0,762.0,1.0,27.0,28.0,1.76,25.0,0.0,0.0,1.0,0.0,2.0,3.0,0.19,2.0,0.0,0.0,0.0,0.0,1.0,50.0,31.0,26.0,17.0,7.0,23.0,34.0,67.6,11.0,27.0,2.0,25.0,17.0,67.0,25.0,1.0,1057.0,42.0,270.0,467.0,330.0,41.0,1057.0,25.0,10.0,40.0,12.0,48.0,575.0,3156.0,1789.0,39.0,29.0,8.0,24.0,16.0,636.0,79.0,79.0,79.4,18,79.0,10,0,,1,1.33,32.0,21.0,11.0,0.69,0.45,28.1,23.7,4.5,0.28,0.83,,,,,,,,,,,,,,,,,,,,,,,,,,,,,,,,,,,,,,,,
Djed Spence,eng ENG,DF,24-151,4.6,3.0,1.0,1.0,4.0,3.0,0.0,5.0,6.0,13.0,0.0,0.0,0.0,16.0,6.0,5.0,54.5,8,4,410.0,4.6,0.0,1.0,1.0,0.0,0.0,0.0,0.1,0.1,0.9,1.0,14.0,27.0,21.0,0.0,0.22,0.22,0.0,0.22,0.02,0.19,0.21,0.02,0.21,0.0,2.0,0.0,0.0,0.44,0.0,0.0,,23.8,0.0,0.0,0.0,0.04,-0.1,-0.1,274.0,313.0,87.5,3880.0,951.0,156.0,164.0,95.1,96.0,113.0,85.0,8.0,12.0,66.7,1.0,0.9,0.5,0.1,4.0,23.0,5.0,2.0,27.0,313.0,276.0,35.0,6.0,1.0,0.0,5.0,29.0,0.0,0.0,0.0,0.0,274.0,2.0,6.0,7.0,1.54,5.0,0.0,1.0,1.0,0.0,0.0,3.0,0.66,2.0,0.0,1.0,0.0,0.0,0.0,16.0,13.0,10.0,5.0,1.0,8.0,9.0,88.9,1.0,7.0,3.0,4.0,6.0,22.0,12.0,0.0,369.0,16.0,115.0,179.0,78.0,4.0,369.0,17.0,7.0,41.2,9.0,52.9,224.0,1248.0,709.0,14.0,11.0,0.0,5.0,3.0,239.0,21.0,51.0,22.8,4,86.0,2,4,16.0,8,1.63,13.0,9.0,4.0,0.88,0.36,8.8,10.7,-1.9,-0.41,-0.68,,,,,,,,,,,,,,,,,,,,,,,,,,,,,,,,,,,,,,,,
Dominic Solanke,eng ENG,FW,27-115,16.8,0.0,0.0,0.0,27.0,24.0,3.0,4.0,0.0,9.0,0.0,0.0,0.0,30.0,32.0,41.0,43.8,17,17,1508.0,16.8,7.0,3.0,10.0,7.0,0.0,0.0,8.2,8.2,2.6,10.8,26.0,37.0,70.0,0.42,0.18,0.6,0.42,0.6,0.49,0.15,0.64,0.49,0.64,7.0,43.0,19.0,44.2,2.57,1.13,0.16,0.37,12.2,0.0,0.0,0.0,0.19,-1.2,-1.2,197.0,277.0,71.1,2615.0,718.0,121.0,163.0,74.2,50.0,63.0,79.4,9.0,15.0,60.0,3.0,2.6,1.1,0.4,12.0,22.0,9.0,0.0,37.0,277.0,238.0,38.0,0.0,3.0,1.0,4.0,2.0,0.0,0.0,0.0,0.0,197.0,1.0,11.0,32.0,1.91,22.0,0.0,0.0,7.0,2.0,1.0,7.0,0.42,5.0,0.0,0.0,1.0,1.0,0.0,15.0,9.0,1.0,10.0,4.0,3.0,9.0,33.3,6.0,11.0,4.0,7.0,0.0,15.0,18.0,0.0,481.0,23.0,42.0,222.0,223.0,87.0,481.0,41.0,14.0,34.1,26.0,63.4,272.0,1558.0,645.0,26.0,19.0,12.0,41.0,35.0,327.0,70.0,89.0,83.8,17,89.0,14,0,,0,1.18,36.0,27.0,9.0,0.54,-0.39,31.0,29.3,1.6,0.1,-0.09,,,,,,,,,,,,,,,,,,,,,,,,,,,,,,,,,,,,,,,,
Fraser Forster,eng ENG,GK,36-296,7.0,0.0,0.0,0.0,0.0,0.0,0.0,0.0,0.0,0.0,0.0,0.0,0.0,1.0,1.0,0.0,100.0,7,7,630.0,7.0,0.0,0.0,0.0,0.0,0.0,0.0,0.0,0.0,0.0,0.0,0.0,0.0,0.0,0.0,0.0,0.0,0.0,0.0,0.0,0.0,0.0,0.0,0.0,0.0,0.0,0.0,,0.0,0.0,,,,0.0,0.0,0.0,,0.0,0.0,168.0,198.0,84.8,3349.0,2105.0,54.0,55.0,98.2,86.0,90.0,95.6,23.0,47.0,48.9,0.0,0.0,0.0,0.0,0.0,1.0,0.0,0.0,0.0,198.0,125.0,72.0,16.0,0.0,1.0,0.0,0.0,0.0,0.0,0.0,0.0,168.0,1.0,0.0,0.0,0.0,0.0,0.0,0.0,0.0,0.0,0.0,0.0,0.0,0.0,0.0,0.0,0.0,0.0,0.0,0.0,0.0,0.0,0.0,0.0,0.0,1.0,0.0,1.0,0.0,0.0,0.0,0.0,0.0,7.0,3.0,228.0,212.0,228.0,0.0,0.0,0.0,228.0,1.0,1.0,100.0,0.0,0.0,113.0,501.0,264.0,0.0,0.0,0.0,1.0,0.0,94.0,0.0,90.0,35.0,7,90.0,7,0,,11,0.71,14.0,15.0,-1.0,-0.14,-1.14,11.1,16.0,-4.9,-0.7,-1.25,15.0,2.14,42.0,27.0,69.0,1.0,2.0,4.0,1.0,14.3,2.0,2.0,0.0,0.0,0.0,15.0,2.0,0.0,1.0,0.0,16.5,0.36,1.5,0.21,11.0,31.0,35.5,141.0,30.0,21.3,27.2,56.0,1.8,14.6,81.0,4.0,4.9,3.0,0.43,11.1
Guglielmo Vicario,it ITA,GK,28-092,12.0,1.0,0.0,0.0,0.0,1.0,0.0,0.0,1.0,0.0,0.0,0.0,0.0,19.0,4.0,0.0,100.0,12,12,1080.0,12.0,0.0,0.0,0.0,0.0,0.0,0.0,0.0,0.0,0.0,0.0,0.0,1.0,0.0,0.0,0.0,0.0,0.0,0.0,0.0,0.0,0.0,0.0,0.0,0.0,0.0,0.0,,0.0,0.0,,,,0.0,0.0,0.0,,0.0,0.0,421.0,460.0,91.5,7911.0,4683.0,139.0,140.0,99.3,235.0,239.0,98.3,41.0,74.0,55.4,0.0,0.0,0.0,0.0,0.0,1.0,0.0,0.0,1.0,460.0,413.0,47.0,10.0,0.0,0.0,0.0,0.0,0.0,0.0,0.0,0.0,421.0,0.0,1.0,3.0,0.25,3.0,0.0,0.0,0.0,0.0,0.0,0.0,0.0,0.0,0.0,0.0,0.0,0.0,0.0,0.0,0.0,0.0,0.0,0.0,0.0,0.0,,0.0,0.0,0.0,0.0,1.0,1.0,7.0,2.0,487.0,311.0,477.0,10.0,0.0,0.0,487.0,1.0,1.0,100.0,0.0,0.0,355.0,1725.0,929.0,0.0,0.0,0.0,0.0,0.0,322.0,0.0,90.0,60.0,12,90.0,12,0,,0,1.58,27.0,13.0,14.0,1.17,1.42,23.8,15.1,8.7,0.73,1.54,13.0,1.08,41.0,28.0,68.3,6.0,1.0,5.0,3.0,25.0,0.0,0.0,0.0,0.0,,13.0,0.0,0.0,2.0,0.0,15.9,0.39,2.9,0.24,10.0,31.0,32.3,423.0,69.0,6.6,20.8,37.0,8.1,20.1,146.0,19.0,13.0,20.0,1.67,14.1
James Maddison,eng ENG,MF,28-045,12.9,4.0,0.0,0.0,17.0,43.0,2.0,73.0,10.0,11.0,0.0,0.0,0.0,48.0,5.0,6.0,45.5,20,14,1165.0,12.9,8.0,4.0,12.0,8.0,0.0,0.0,4.8,4.8,2.7,7.4,31.0,107.0,61.0,0.62,0.31,0.93,0.62,0.93,0.37,0.21,0.57,0.37,0.57,8.0,32.0,16.0,50.0,2.47,1.24,0.25,0.5,16.1,4.0,0.0,0.0,0.15,3.2,3.2,660.0,820.0,80.5,10730.0,3386.0,322.0,357.0,90.2,265.0,312.0,84.9,49.0,110.0,44.5,4.0,2.7,4.4,1.3,26.0,71.0,27.0,5.0,107.0,820.0,727.0,89.0,32.0,8.0,5.0,73.0,3.0,49.0,30.0,6.0,0.0,660.0,4.0,7.0,62.0,4.8,43.0,7.0,4.0,3.0,5.0,0.0,13.0,1.01,9.0,1.0,2.0,1.0,0.0,0.0,18.0,11.0,5.0,9.0,4.0,8.0,23.0,34.8,15.0,10.0,3.0,7.0,10.0,28.0,15.0,0.0,963.0,17.0,135.0,424.0,415.0,56.0,963.0,45.0,21.0,46.7,19.0,42.2,678.0,3428.0,1580.0,31.0,28.0,11.0,14.0,16.0,737.0,61.0,58.0,64.7,14,75.0,0,6,19.0,0,1.2,26.0,18.0,8.0,0.62,0.05,22.6,21.0,1.6,0.12,0.03,,,,,,,,,,,,,,,,,,,,,,,,,,,,,,,,,,,,,,,,
Luca Williams Barnett,eng ENG,FW,16-098,,,,,,,,,,,,,,,,,,0,0,,,,,,,,,,,,,,,,,,,,,,,,,,,,,,,,,,,,,,,,,,,,,,,,,,,,,,,,,,,,,,,,,,,,,,,,,,,,,,,,,,,,,,,,,,,,,,,,,,,,,,,,,,,,,,,,,,,,,,,,,,,,,,,,,,,,,,,0,,0,0,,1,,,,,,,,,,,,,,,,,,,,,,,,,,,,,,,,,,,,,,,,,,,,,,,,,,,
Lucas Bergvall,se SWE,MF,18-340,3.2,2.0,0.0,0.0,8.0,4.0,0.0,11.0,8.0,7.0,0.0,0.0,0.0,28.0,3.0,5.0,37.5,13,2,292.0,3.2,0.0,0.0,0.0,0.0,0.0,0.0,0.1,0.1,0.2,0.3,10.0,19.0,9.0,0.0,0.0,0.0,0.0,0.0,0.02,0.07,0.09,0.02,0.09,0.0,2.0,0.0,0.0,0.62,0.0,0.0,,24.6,0.0,0.0,0.0,0.04,-0.1,-0.1,214.0,242.0,88.4,3611.0,704.0,99.0,105.0,94.3,91.0,100.0,91.0,19.0,26.0,73.1,0.0,0.2,0.4,-0.2,2.0,15.0,5.0,2.0,19.0,242.0,226.0,15.0,5.0,0.0,3.0,11.0,4.0,6.0,3.0,2.0,0.0,214.0,1.0,2.0,5.0,1.54,3.0,2.0,0.0,0.0,0.0,0.0,1.0,0.31,1.0,0.0,0.0,0.0,0.0,0.0,12.0,7.0,3.0,6.0,3.0,7.0,11.0,63.6,4.0,5.0,4.0,1.0,8.0,20.0,6.0,1.0,287.0,11.0,59.0,148.0,85.0,4.0,287.0,14.0,8.0,57.1,4.0,28.6,190.0,1284.0,606.0,10.0,6.0,1.0,8.0,7.0,203.0,9.0,22.0,16.2,2,76.0,1,11,13.0,7,1.31,11.0,5.0,6.0,1.85,1.49,7.6,7.5,0.1,0.02,-0.11,,,,,,,,,,,,,,,,,,,,,,,,,,,,,,,,,,,,,,,,
Maeson King,eng ENG,DF,19-120,,,,,,,,,,,,,,,,,,0,0,,,,,,,,,,,,,,,,,,,,,,,,,,,,,,,,,,,,,,,,,,,,,,,,,,,,,,,,,,,,,,,,,,,,,,,,,,,,,,,,,,,,,,,,,,,,,,,,,,,,,,,,,,,,,,,,,,,,,,,,,,,,,,,,,,,,,,,0,,0,0,,1,,,,,,,,,,,,,,,,,,,,,,,,,,,,,,,,,,,,,,,,,,,,,,,,,,,
Malachi Hardy,eng ENG,DF,16-303,,,,,,,,,,,,,,,,,,0,0,,,,,,,,,,,,,,,,,,,,,,,,,,,,,,,,,,,,,,,,,,,,,,,,,,,,,,,,,,,,,,,,,,,,,,,,,,,,,,,,,,,,,,,,,,,,,,,,,,,,,,,,,,,,,,,,,,,,,,,,,,,,,,,,,,,,,,,0,,0,0,,3,,,,,,,,,,,,,,,,,,,,,,,,,,,,,,,,,,,,,,,,,,,,,,,,,,,
Micky van de Ven,nl NED,DF,23-263,8.8,4.0,0.0,0.0,8.0,6.0,0.0,0.0,9.0,5.0,0.0,0.0,0.0,54.0,16.0,16.0,50.0,9,9,788.0,8.8,0.0,2.0,2.0,0.0,0.0,0.0,0.4,0.4,1.2,1.5,8.0,43.0,1.0,0.0,0.23,0.23,0.0,0.23,0.04,0.13,0.17,0.04,0.17,0.0,5.0,1.0,20.0,0.57,0.11,0.0,0.0,10.8,0.0,0.0,0.0,0.07,-0.4,-0.4,589.0,645.0,91.3,11030.0,3317.0,180.0,196.0,91.8,369.0,383.0,96.3,35.0,53.0,66.0,2.0,1.2,0.7,0.8,2.0,41.0,1.0,0.0,43.0,645.0,611.0,33.0,16.0,0.0,1.0,0.0,3.0,0.0,0.0,0.0,0.0,589.0,1.0,5.0,9.0,1.03,6.0,0.0,0.0,2.0,1.0,0.0,2.0,0.23,2.0,0.0,0.0,0.0,0.0,0.0,8.0,5.0,3.0,4.0,1.0,6.0,11.0,54.5,5.0,8.0,5.0,3.0,9.0,17.0,29.0,1.0,716.0,79.0,373.0,319.0,32.0,8.0,716.0,6.0,4.0,66.7,2.0,33.3,504.0,2357.0,1129.0,8.0,10.0,1.0,4.0,4.0,520.0,1.0,88.0,43.8,9,88.0,7,0,,0,1.44,19.0,11.0,8.0,0.91,0.56,17.5,9.6,7.9,0.9,1.4,,,,,,,,,,,,,,,,,,,,,,,,,,,,,,,,,,,,,,,,
Mikey Moore,eng ENG,FW,17-149,0.9,0.0,0.0,0.0,0.0,3.0,0.0,4.0,1.0,0.0,0.0,0.0,0.0,1.0,1.0,1.0,50.0,4,1,85.0,0.9,0.0,0.0,0.0,0.0,0.0,0.0,0.0,0.0,0.0,0.0,5.0,3.0,12.0,0.0,0.0,0.0,0.0,0.0,0.04,0.0,0.04,0.04,0.04,0.0,1.0,0.0,0.0,1.06,0.0,0.0,,23.4,0.0,0.0,0.0,0.04,0.0,0.0,15.0,22.0,68.2,164.0,46.0,7.0,7.0,100.0,4.0,7.0,57.1,0.0,2.0,0.0,0.0,0.0,0.0,0.0,0.0,0.0,2.0,0.0,3.0,22.0,18.0,4.0,0.0,0.0,0.0,4.0,1.0,3.0,1.0,0.0,0.0,15.0,0.0,0.0,5.0,5.29,3.0,2.0,0.0,0.0,0.0,0.0,0.0,0.0,0.0,0.0,0.0,0.0,0.0,0.0,0.0,0.0,0.0,0.0,0.0,0.0,0.0,,0.0,0.0,0.0,0.0,1.0,1.0,0.0,0.0,34.0,0.0,4.0,6.0,24.0,3.0,34.0,6.0,1.0,16.7,4.0,66.7,27.0,235.0,125.0,5.0,2.0,2.0,2.0,2.0,27.0,12.0,21.0,4.7,1,61.0,0,3,8.0,2,1.5,1.0,1.0,0.0,0.0,-0.63,2.1,0.9,1.3,1.34,1.29,,,,,,,,,,,,,,,,,,,,,,,,,,,,,,,,,,,,,,,,
Pape Matar Sarr,sn SEN,MF,22-115,11.8,3.0,0.0,0.0,19.0,21.0,1.0,5.0,17.0,23.0,0.0,1.0,0.0,76.0,18.0,20.0,47.4,20,12,1062.0,11.8,1.0,2.0,3.0,1.0,0.0,0.0,2.1,2.1,1.3,3.4,18.0,58.0,31.0,0.08,0.17,0.25,0.08,0.25,0.18,0.11,0.29,0.18,0.29,1.0,20.0,9.0,45.0,1.69,0.76,0.05,0.11,22.8,0.0,0.0,0.0,0.11,-1.1,-1.1,577.0,660.0,87.4,8955.0,2108.0,311.0,344.0,90.4,223.0,245.0,91.0,29.0,37.0,78.4,2.0,1.3,0.5,0.7,9.0,63.0,6.0,2.0,58.0,660.0,649.0,9.0,4.0,0.0,3.0,5.0,5.0,0.0,0.0,0.0,0.0,577.0,2.0,13.0,26.0,2.2,21.0,1.0,1.0,2.0,0.0,1.0,5.0,0.42,3.0,0.0,1.0,1.0,0.0,0.0,33.0,23.0,14.0,17.0,2.0,7.0,14.0,50.0,7.0,17.0,4.0,13.0,17.0,50.0,11.0,1.0,792.0,21.0,163.0,448.0,197.0,12.0,792.0,18.0,8.0,44.4,9.0,50.0,513.0,2975.0,1220.0,18.0,21.0,2.0,20.0,12.0,569.0,31.0,53.0,59.0,12,72.0,3,8,24.0,0,1.2,26.0,19.0,7.0,0.59,-0.02,18.6,21.5,-3.0,-0.25,-0.89,,,,,,,,,,,,,,,,,,,,,,,,,,,,,,,,,,,,,,,,
Pedro Porro,es ESP,DF,25-116,18.1,2.0,0.0,0.0,11.0,18.0,1.0,109.0,20.0,28.0,0.0,0.0,0.0,93.0,6.0,12.0,33.3,20,17,1628.0,18.1,2.0,4.0,6.0,2.0,0.0,0.0,1.3,1.3,2.1,3.4,44.0,94.0,62.0,0.11,0.22,0.33,0.11,0.33,0.07,0.12,0.19,0.07,0.19,2.0,27.0,6.0,22.2,1.49,0.33,0.07,0.33,23.1,2.0,0.0,0.0,0.05,0.7,0.7,847.0,1151.0,73.6,14413.0,5561.0,438.0,497.0,88.1,305.0,394.0,77.4,81.0,181.0,44.8,4.0,2.1,2.3,1.9,31.0,75.0,35.0,14.0,94.0,1151.0,946.0,201.0,27.0,3.0,9.0,109.0,149.0,25.0,2.0,20.0,0.0,847.0,4.0,44.0,62.0,3.43,43.0,11.0,1.0,4.0,3.0,0.0,6.0,0.33,2.0,3.0,1.0,0.0,0.0,0.0,37.0,28.0,15.0,14.0,8.0,25.0,43.0,58.1,18.0,32.0,11.0,21.0,20.0,57.0,49.0,1.0,1367.0,82.0,399.0,474.0,504.0,20.0,1367.0,20.0,6.0,30.0,12.0,60.0,732.0,3400.0,1741.0,44.0,35.0,2.0,16.0,15.0,789.0,62.0,81.0,90.4,17,90.0,15,3,34.0,0,1.2,38.0,28.0,10.0,0.55,-0.49,32.5,31.3,1.2,0.07,-0.46,,,,,,,,,,,,,,,,,,,,,,,,,,,,,,,,,,,,,,,,
Radu Drăgușin,ro ROU,DF,22-339,11.4,1.0,0.0,0.0,6.0,7.0,0.0,0.0,14.0,5.0,0.0,0.0,0.0,45.0,26.0,15.0,63.4,13,11,1027.0,11.4,0.0,0.0,0.0,0.0,0.0,0.0,0.1,0.1,0.0,0.1,6.0,35.0,1.0,0.0,0.0,0.0,0.0,0.0,0.01,0.0,0.01,0.01,0.01,0.0,4.0,1.0,25.0,0.35,0.09,0.0,0.0,12.2,0.0,0.0,0.0,0.02,-0.1,-0.1,594.0,697.0,85.2,11182.0,4415.0,197.0,212.0,92.9,352.0,383.0,91.9,37.0,86.0,43.0,0.0,0.0,0.1,0.0,1.0,45.0,0.0,0.0,35.0,697.0,657.0,40.0,34.0,1.0,3.0,0.0,2.0,0.0,0.0,0.0,0.0,594.0,0.0,4.0,5.0,0.44,5.0,0.0,0.0,0.0,0.0,0.0,1.0,0.09,1.0,0.0,0.0,0.0,0.0,0.0,9.0,5.0,7.0,2.0,0.0,6.0,10.0,60.0,4.0,15.0,10.0,5.0,14.0,23.0,38.0,4.0,790.0,118.0,413.0,360.0,23.0,8.0,790.0,1.0,0.0,0.0,0.0,0.0,525.0,2850.0,1432.0,6.0,3.0,0.0,8.0,1.0,553.0,1.0,79.0,57.1,11,86.0,9,2,43.0,7,1.08,23.0,22.0,1.0,0.09,-1.19,19.6,25.2,-5.6,-0.49,-1.41,,,,,,,,,,,,,,,,,,,,,,,,,,,,,,,,,,,,,,,,
Richarlison,br BRA,FW,27-242,1.0,1.0,0.0,0.0,1.0,2.0,0.0,4.0,0.0,1.0,0.0,0.0,0.0,5.0,1.0,2.0,33.3,5,0,90.0,1.0,0.0,1.0,1.0,0.0,0.0,0.0,0.2,0.2,0.8,1.0,4.0,5.0,12.0,0.0,1.0,1.0,0.0,1.0,0.19,0.76,0.95,0.19,0.95,0.0,1.0,0.0,0.0,1.0,0.0,0.0,,4.8,0.0,0.0,0.0,0.19,-0.2,-0.2,23.0,34.0,67.6,300.0,69.0,13.0,14.0,92.9,7.0,13.0,53.8,1.0,2.0,50.0,1.0,0.8,0.5,0.2,2.0,4.0,0.0,0.0,5.0,34.0,34.0,0.0,0.0,0.0,0.0,4.0,0.0,0.0,0.0,0.0,0.0,23.0,0.0,2.0,3.0,2.97,2.0,0.0,0.0,0.0,1.0,0.0,1.0,0.99,1.0,0.0,0.0,0.0,0.0,0.0,1.0,1.0,0.0,0.0,1.0,0.0,0.0,,0.0,0.0,0.0,0.0,0.0,1.0,2.0,0.0,47.0,2.0,6.0,28.0,13.0,5.0,47.0,5.0,1.0,20.0,3.0,60.0,28.0,153.0,65.0,4.0,2.0,1.0,2.0,1.0,39.0,12.0,18.0,5.0,0,,0,5,18.0,0,2.0,4.0,0.0,4.0,4.0,3.58,2.3,0.6,1.7,1.66,1.63,,,,,,,,,,,,,,,,,,,,,,,,,,,,,,,,,,,,,,,,
Rodrigo Bentancur,uy URU,MF,27-196,7.6,5.0,0.0,0.0,17.0,3.0,0.0,1.0,17.0,10.0,0.0,0.0,0.0,55.0,15.0,10.0,60.0,12,9,688.0,7.6,2.0,0.0,2.0,2.0,0.0,0.0,0.8,0.8,0.1,0.9,7.0,51.0,8.0,0.26,0.0,0.26,0.26,0.26,0.1,0.02,0.12,0.1,0.12,2.0,13.0,3.0,23.1,1.7,0.39,0.15,0.67,20.3,0.0,0.0,0.0,0.06,1.2,1.2,432.0,485.0,89.1,7036.0,1716.0,204.0,222.0,91.9,197.0,210.0,93.8,21.0,30.0,70.0,0.0,0.1,0.4,-0.1,3.0,51.0,5.0,0.0,51.0,485.0,467.0,18.0,17.0,1.0,0.0,1.0,1.0,0.0,0.0,0.0,0.0,432.0,0.0,9.0,17.0,2.22,12.0,0.0,1.0,3.0,0.0,1.0,0.0,0.0,0.0,0.0,0.0,0.0,0.0,0.0,22.0,10.0,11.0,10.0,1.0,12.0,18.0,66.7,6.0,8.0,1.0,7.0,17.0,39.0,8.0,1.0,573.0,25.0,131.0,338.0,110.0,9.0,573.0,8.0,3.0,37.5,4.0,50.0,339.0,1424.0,588.0,7.0,9.0,3.0,4.0,7.0,390.0,8.0,57.0,38.2,9,74.0,2,3,8.0,0,1.17,12.0,12.0,0.0,0.0,-0.97,15.5,9.5,6.0,0.79,1.09,,,,,,,,,,,,,,,,,,,,,,,,,,,,,,,,,,,,,,,,
Sergio Reguilón,es ESP,DF,28-022,1.0,1.0,0.0,0.0,1.0,4.0,0.0,6.0,2.0,3.0,0.0,0.0,0.0,8.0,4.0,2.0,66.7,2,0,86.0,1.0,0.0,0.0,0.0,0.0,0.0,0.0,0.1,0.1,0.0,0.1,2.0,8.0,9.0,0.0,0.0,0.0,0.0,0.0,0.07,0.03,0.1,0.07,0.1,0.0,1.0,0.0,0.0,1.05,0.0,0.0,,5.4,0.0,0.0,0.0,0.07,-0.1,-0.1,52.0,74.0,70.3,820.0,306.0,26.0,34.0,76.5,24.0,33.0,72.7,2.0,5.0,40.0,0.0,0.0,0.2,0.0,1.0,7.0,2.0,1.0,8.0,74.0,66.0,7.0,0.0,0.0,0.0,6.0,6.0,1.0,1.0,0.0,0.0,52.0,1.0,2.0,1.0,1.05,1.0,0.0,0.0,0.0,0.0,0.0,0.0,0.0,0.0,0.0,0.0,0.0,0.0,0.0,3.0,3.0,0.0,3.0,0.0,1.0,2.0,50.0,1.0,3.0,0.0,3.0,2.0,5.0,2.0,0.0,87.0,2.0,25.0,40.0,23.0,2.0,87.0,3.0,1.0,33.3,0.0,0.0,46.0,181.0,109.0,2.0,0.0,0.0,1.0,0.0,52.0,9.0,43.0,4.8,0,,0,2,43.0,5,0.5,0.0,1.0,-1.0,-1.05,-1.73,1.5,1.2,0.4,0.4,0.3,,,,,,,,,,,,,,,,,,,,,,,,,,,,,,,,,,,,,,,,
Son Heung-min,kr KOR,FW,32-183,13.8,0.0,0.0,0.0,3.0,16.0,10.0,37.0,4.0,4.0,0.0,0.0,0.0,49.0,2.0,7.0,22.2,17,15,1238.0,13.8,5.0,6.0,11.0,5.0,0.0,1.0,4.5,3.7,5.8,9.5,60.0,73.0,169.0,0.36,0.44,0.8,0.36,0.8,0.33,0.42,0.75,0.27,0.69,5.0,34.0,17.0,50.0,2.47,1.24,0.15,0.29,17.4,1.0,0.0,1.0,0.11,0.5,1.3,467.0,574.0,81.4,6663.0,1720.0,284.0,309.0,91.9,134.0,162.0,82.7,26.0,47.0,55.3,6.0,5.8,3.7,0.2,33.0,23.0,36.0,5.0,73.0,574.0,544.0,29.0,5.0,2.0,2.0,37.0,5.0,15.0,10.0,0.0,0.0,467.0,1.0,16.0,72.0,5.24,57.0,4.0,8.0,1.0,2.0,0.0,9.0,0.65,9.0,0.0,0.0,0.0,0.0,0.0,7.0,4.0,1.0,4.0,2.0,3.0,14.0,21.4,11.0,5.0,0.0,5.0,4.0,11.0,10.0,1.0,700.0,8.0,61.0,222.0,424.0,78.0,699.0,52.0,21.0,40.4,25.0,48.1,479.0,2925.0,1538.0,60.0,33.0,23.0,16.0,14.0,553.0,169.0,73.0,68.8,15,78.0,7,2,32.0,0,1.24,31.0,21.0,10.0,0.73,0.41,23.6,24.5,-0.9,-0.07,-0.58,,,,,,,,,,,,,,,,,,,,,,,,,,,,,,,,,,,,,,,,
Timo Werner,de GER,"FW,MF",28-307,5.6,0.0,0.0,0.0,3.0,5.0,5.0,28.0,1.0,4.0,0.0,0.0,0.0,18.0,0.0,1.0,0.0,17,4,507.0,5.6,0.0,3.0,3.0,0.0,0.0,0.0,1.0,1.0,2.5,3.5,42.0,29.0,87.0,0.0,0.53,0.53,0.0,0.53,0.17,0.44,0.62,0.17,0.62,0.0,8.0,3.0,37.5,1.42,0.53,0.0,0.0,18.2,0.0,0.0,0.0,0.12,-1.0,-1.0,155.0,233.0,66.5,2327.0,585.0,79.0,96.0,82.3,59.0,84.0,70.2,7.0,18.0,38.9,3.0,2.5,1.5,0.5,10.0,3.0,15.0,2.0,29.0,233.0,219.0,12.0,2.0,2.0,2.0,28.0,8.0,2.0,1.0,0.0,0.0,155.0,2.0,15.0,18.0,3.18,14.0,0.0,2.0,1.0,1.0,0.0,3.0,0.53,3.0,0.0,0.0,0.0,0.0,0.0,6.0,4.0,3.0,3.0,0.0,3.0,13.0,23.1,10.0,10.0,1.0,9.0,1.0,7.0,7.0,0.0,294.0,8.0,23.0,78.0,200.0,33.0,294.0,19.0,10.0,52.6,8.0,42.1,211.0,1750.0,1050.0,42.0,24.0,18.0,14.0,6.0,223.0,87.0,30.0,28.2,4,71.0,0,13,17.0,3,0.88,10.0,12.0,-2.0,-0.36,-1.33,10.8,11.5,-0.7,-0.12,-0.32,,,,,,,,,,,,,,,,,,,,,,,,,,,,,,,,,,,,,,,,
Will Lankshear,eng ENG,FW,19-262,0.1,0.0,0.0,0.0,0.0,0.0,0.0,0.0,0.0,0.0,0.0,0.0,0.0,0.0,0.0,0.0,,2,0,10.0,0.1,0.0,0.0,0.0,0.0,0.0,0.0,0.0,0.0,0.0,0.0,0.0,0.0,1.0,0.0,0.0,0.0,0.0,0.0,0.0,0.0,0.0,0.0,0.0,0.0,0.0,0.0,,0.0,0.0,,,,0.0,0.0,0.0,,0.0,0.0,0.0,1.0,0.0,0.0,0.0,0.0,1.0,0.0,0.0,0.0,,0.0,0.0,,0.0,0.0,0.0,0.0,0.0,0.0,0.0,0.0,0.0,1.0,1.0,0.0,0.0,0.0,0.0,0.0,0.0,0.0,0.0,0.0,0.0,0.0,0.0,0.0,0.0,0.0,0.0,0.0,0.0,0.0,0.0,0.0,0.0,0.0,0.0,0.0,0.0,0.0,0.0,0.0,0.0,0.0,0.0,0.0,0.0,0.0,0.0,,0.0,0.0,0.0,0.0,0.0,0.0,0.0,0.0,2.0,0.0,0.0,1.0,1.0,0.0,2.0,0.0,0.0,,0.0,,2.0,2.0,0.0,0.0,0.0,0.0,1.0,0.0,2.0,1.0,5.0,0.6,0,,0,2,5.0,10,2.0,0.0,0.0,0.0,0.0,-0.6,0.4,0.0,0.4,3.84,3.75,,,,,,,,,,,,,,,,,,,,,,,,,,,,,,,,,,,,,,,,
Wilson Odobert,fr FRA,FW,20-040,1.8,0.0,0.0,0.0,0.0,2.0,0.0,5.0,0.0,2.0,0.0,0.0,0.0,9.0,3.0,0.0,100.0,3,2,162.0,1.8,0.0,0.0,0.0,0.0,0.0,0.0,0.4,0.4,0.1,0.5,13.0,10.0,18.0,0.0,0.0,0.0,0.0,0.0,0.23,0.03,0.27,0.23,0.27,0.0,6.0,0.0,0.0,3.33,0.0,0.0,,16.8,0.0,0.0,0.0,0.07,-0.4,-0.4,59.0,78.0,75.6,728.0,105.0,42.0,46.0,91.3,14.0,20.0,70.0,0.0,1.0,0.0,0.0,0.1,0.1,-0.1,3.0,3.0,3.0,0.0,10.0,78.0,74.0,1.0,0.0,0.0,0.0,5.0,1.0,0.0,0.0,0.0,0.0,59.0,3.0,4.0,4.0,2.24,3.0,0.0,0.0,1.0,0.0,0.0,0.0,0.0,0.0,0.0,0.0,0.0,0.0,0.0,5.0,2.0,2.0,2.0,1.0,4.0,6.0,66.7,2.0,1.0,0.0,1.0,0.0,5.0,1.0,1.0,105.0,2.0,11.0,29.0,65.0,13.0,105.0,10.0,3.0,30.0,6.0,60.0,76.0,626.0,410.0,13.0,10.0,6.0,4.0,4.0,80.0,18.0,54.0,9.0,2,70.0,0,1,23.0,0,1.0,3.0,1.0,2.0,1.11,0.56,3.0,1.8,1.2,0.65,0.59,,,,,,,,,,,,,,,,,,,,,,,,,,,,,,,,,,,,,,,,
Yves Bissouma,ml MLI,MF,28-130,10.3,5.0,0.0,0.0,16.0,14.0,0.0,1.0,13.0,21.0,0.0,1.0,0.0,53.0,3.0,6.0,33.3,16,10,924.0,10.3,2.0,0.0,2.0,2.0,0.0,0.0,0.4,0.4,0.2,0.6,14.0,64.0,2.0,0.19,0.0,0.19,0.19,0.19,0.04,0.02,0.06,0.04,0.06,2.0,5.0,2.0,40.0,0.49,0.19,0.4,1.0,22.7,0.0,0.0,0.0,0.07,1.6,1.6,540.0,604.0,89.4,8360.0,2284.0,290.0,312.0,92.9,203.0,216.0,94.0,28.0,47.0,59.6,0.0,0.2,0.5,-0.2,4.0,48.0,7.0,0.0,64.0,604.0,571.0,31.0,30.0,2.0,2.0,1.0,1.0,0.0,0.0,0.0,0.0,540.0,2.0,5.0,12.0,1.17,11.0,0.0,0.0,0.0,0.0,1.0,0.0,0.0,0.0,0.0,0.0,0.0,0.0,0.0,31.0,21.0,13.0,16.0,2.0,15.0,27.0,55.6,12.0,6.0,3.0,3.0,13.0,44.0,23.0,2.0,720.0,47.0,194.0,417.0,115.0,3.0,720.0,16.0,6.0,37.5,10.0,62.5,436.0,2722.0,1255.0,14.0,15.0,0.0,17.0,7.0,503.0,2.0,58.0,51.3,10,81.0,3,6,19.0,1,1.06,24.0,16.0,8.0,0.78,0.37,17.3,18.8,-1.6,-0.15,-0.54,,,,,,,,,,,,,,,,,,,,,,,,,,,,,,,,,,,,,,,,
